epoch,loss,step,val_loss
0,2787.30810546875,49,
0,1534.464599609375,99,
0,,108,1763.62109375
