epoch,loss,step,val_loss
0,1289.5621337890625,49,
0,960.3592529296875,99,
0,,108,1717.15185546875
