epoch,loss,step,val_loss
0,1364.3592529296875,49,
0,1044.9290771484375,99,
0,,108,1289.23095703125
1,1851.53515625,149,
1,1273.92578125,199,
1,,217,1258.5059814453125
2,1178.640869140625,249,
2,1831.3323974609375,299,
2,,326,1526.6654052734375
3,909.1807861328125,349,
